anno,sesso,eta,sopravviventi,probabilita_morte_per_mille,speranza_vita,fonte_id,natura_dato,note
2025,Totale,0,100000.0,2.56536,83.689,istat_tavole_mortalita,osservato,Tavole di mortalita' ISTAT per l'Italia; anno piu' vicino alla decorrenza disponibile nel payload.
2025,Totale,1,99743.0,0.19475,82.903,istat_tavole_mortalita,osservato,Tavole di mortalita' ISTAT per l'Italia; anno piu' vicino alla decorrenza disponibile nel payload.
2025,Totale,2,99724.0,0.14146,81.919,istat_tavole_mortalita,osservato,Tavole di mortalita' ISTAT per l'Italia; anno piu' vicino alla decorrenza disponibile nel payload.
2025,Totale,3,99710.0,0.109,80.93,istat_tavole_mortalita,osservato,Tavole di mortalita' ISTAT per l'Italia; anno piu' vicino alla decorrenza disponibile nel payload.
2025,Totale,4,99699.0,0.0906,79.939,istat_tavole_mortalita,osservato,Tavole di mortalita' ISTAT per l'Italia; anno piu' vicino alla decorrenza disponibile nel payload.
2025,Totale,5,99690.0,0.08531,78.946,istat_tavole_mortalita,osservato,Tavole di mortalita' ISTAT per l'Italia; anno piu' vicino alla decorrenza disponibile nel payload.
2025,Totale,6,99682.0,0.08325,77.953,istat_tavole_mortalita,osservato,Tavole di mortalita' ISTAT per l'Italia; anno piu' vicino alla decorrenza disponibile nel payload.
2025,Totale,7,99673.0,0.07974,76.959,istat_tavole_mortalita,osservato,Tavole di mortalita' ISTAT per l'Italia; anno piu' vicino alla decorrenza disponibile nel payload.
2025,Totale,8,99665.0,0.07544,75.965,istat_tavole_mortalita,osservato,Tavole di mortalita' ISTAT per l'Italia; anno piu' vicino alla decorrenza disponibile nel payload.
2025,Totale,9,99658.0,0.07267,74.971,istat_tavole_mortalita,osservato,Tavole di mortalita' ISTAT per l'Italia; anno piu' vicino alla decorrenza disponibile nel payload.
2025,Totale,10,99651.0,0.07135,73.976,istat_tavole_mortalita,osservato,Tavole di mortalita' ISTAT per l'Italia; anno piu' vicino alla decorrenza disponibile nel payload.
2025,Totale,11,99643.0,0.07491,72.982,istat_tavole_mortalita,osservato,Tavole di mortalita' ISTAT per l'Italia; anno piu' vicino alla decorrenza disponibile nel payload.
2025,Totale,12,99636.0,0.08684,71.987,istat_tavole_mortalita,osservato,Tavole di mortalita' ISTAT per l'Italia; anno piu' vicino alla decorrenza disponibile nel payload.
2025,Totale,13,99627.0,0.10416,70.993,istat_tavole_mortalita,osservato,Tavole di mortalita' ISTAT per l'Italia; anno piu' vicino alla decorrenza disponibile nel payload.
2025,Totale,14,99617.0,0.12588,70.001,istat_tavole_mortalita,osservato,Tavole di mortalita' ISTAT per l'Italia; anno piu' vicino alla decorrenza disponibile nel payload.
2025,Totale,15,99604.0,0.15038,69.009,istat_tavole_mortalita,osservato,Tavole di mortalita' ISTAT per l'Italia; anno piu' vicino alla decorrenza disponibile nel payload.
2025,Totale,16,99589.0,0.17441,68.02,istat_tavole_mortalita,osservato,Tavole di mortalita' ISTAT per l'Italia; anno piu' vicino alla decorrenza disponibile nel payload.
2025,Totale,17,99572.0,0.20032,67.031,istat_tavole_mortalita,osservato,Tavole di mortalita' ISTAT per l'Italia; anno piu' vicino alla decorrenza disponibile nel payload.
2025,Totale,18,99552.0,0.23371,66.045,istat_tavole_mortalita,osservato,Tavole di mortalita' ISTAT per l'Italia; anno piu' vicino alla decorrenza disponibile nel payload.
2025,Totale,19,99529.0,0.25354,65.06,istat_tavole_mortalita,osservato,Tavole di mortalita' ISTAT per l'Italia; anno piu' vicino alla decorrenza disponibile nel payload.
2025,Totale,20,99504.0,0.26491,64.076,istat_tavole_mortalita,osservato,Tavole di mortalita' ISTAT per l'Italia; anno piu' vicino alla decorrenza disponibile nel payload.
2025,Totale,21,99477.0,0.26653,63.093,istat_tavole_mortalita,osservato,Tavole di mortalita' ISTAT per l'Italia; anno piu' vicino alla decorrenza disponibile nel payload.
2025,Totale,22,99451.0,0.2668,62.11,istat_tavole_mortalita,osservato,Tavole di mortalita' ISTAT per l'Italia; anno piu' vicino alla decorrenza disponibile nel payload.
2025,Totale,23,99424.0,0.27184,61.126,istat_tavole_mortalita,osservato,Tavole di mortalita' ISTAT per l'Italia; anno piu' vicino alla decorrenza disponibile nel payload.
2025,Totale,24,99397.0,0.28193,60.143,istat_tavole_mortalita,osservato,Tavole di mortalita' ISTAT per l'Italia; anno piu' vicino alla decorrenza disponibile nel payload.
2025,Totale,25,99369.0,0.28491,59.16,istat_tavole_mortalita,osservato,Tavole di mortalita' ISTAT per l'Italia; anno piu' vicino alla decorrenza disponibile nel payload.
2025,Totale,26,99341.0,0.28672,58.176,istat_tavole_mortalita,osservato,Tavole di mortalita' ISTAT per l'Italia; anno piu' vicino alla decorrenza disponibile nel payload.
2025,Totale,27,99312.0,0.29693,57.193,istat_tavole_mortalita,osservato,Tavole di mortalita' ISTAT per l'Italia; anno piu' vicino alla decorrenza disponibile nel payload.
2025,Totale,28,99283.0,0.31275,56.21,istat_tavole_mortalita,osservato,Tavole di mortalita' ISTAT per l'Italia; anno piu' vicino alla decorrenza disponibile nel payload.
2025,Totale,29,99252.0,0.33392,55.227,istat_tavole_mortalita,osservato,Tavole di mortalita' ISTAT per l'Italia; anno piu' vicino alla decorrenza disponibile nel payload.
2025,Totale,30,99219.0,0.35879,54.246,istat_tavole_mortalita,osservato,Tavole di mortalita' ISTAT per l'Italia; anno piu' vicino alla decorrenza disponibile nel payload.
2025,Totale,31,99183.0,0.37569,53.265,istat_tavole_mortalita,osservato,Tavole di mortalita' ISTAT per l'Italia; anno piu' vicino alla decorrenza disponibile nel payload.
2025,Totale,32,99146.0,0.38683,52.285,istat_tavole_mortalita,osservato,Tavole di mortalita' ISTAT per l'Italia; anno piu' vicino alla decorrenza disponibile nel payload.
2025,Totale,33,99107.0,0.41017,51.305,istat_tavole_mortalita,osservato,Tavole di mortalita' ISTAT per l'Italia; anno piu' vicino alla decorrenza disponibile nel payload.
2025,Totale,34,99067.0,0.44324,50.326,istat_tavole_mortalita,osservato,Tavole di mortalita' ISTAT per l'Italia; anno piu' vicino alla decorrenza disponibile nel payload.
2025,Totale,35,99023.0,0.4665,49.348,istat_tavole_mortalita,osservato,Tavole di mortalita' ISTAT per l'Italia; anno piu' vicino alla decorrenza disponibile nel payload.
2025,Totale,36,98977.0,0.50457,48.37,istat_tavole_mortalita,osservato,Tavole di mortalita' ISTAT per l'Italia; anno piu' vicino alla decorrenza disponibile nel payload.
2025,Totale,37,98927.0,0.54671,47.395,istat_tavole_mortalita,osservato,Tavole di mortalita' ISTAT per l'Italia; anno piu' vicino alla decorrenza disponibile nel payload.
2025,Totale,38,98873.0,0.60418,46.42,istat_tavole_mortalita,osservato,Tavole di mortalita' ISTAT per l'Italia; anno piu' vicino alla decorrenza disponibile nel payload.
2025,Totale,39,98813.0,0.66621,45.448,istat_tavole_mortalita,osservato,Tavole di mortalita' ISTAT per l'Italia; anno piu' vicino alla decorrenza disponibile nel payload.
2025,Totale,40,98747.0,0.73815,44.478,istat_tavole_mortalita,osservato,Tavole di mortalita' ISTAT per l'Italia; anno piu' vicino alla decorrenza disponibile nel payload.
2025,Totale,41,98674.0,0.791,43.51,istat_tavole_mortalita,osservato,Tavole di mortalita' ISTAT per l'Italia; anno piu' vicino alla decorrenza disponibile nel payload.
2025,Totale,42,98596.0,0.87381,42.545,istat_tavole_mortalita,osservato,Tavole di mortalita' ISTAT per l'Italia; anno piu' vicino alla decorrenza disponibile nel payload.
2025,Totale,43,98510.0,0.96882,41.581,istat_tavole_mortalita,osservato,Tavole di mortalita' ISTAT per l'Italia; anno piu' vicino alla decorrenza disponibile nel payload.
2025,Totale,44,98415.0,1.08347,40.621,istat_tavole_mortalita,osservato,Tavole di mortalita' ISTAT per l'Italia; anno piu' vicino alla decorrenza disponibile nel payload.
2025,Totale,45,98308.0,1.20518,39.665,istat_tavole_mortalita,osservato,Tavole di mortalita' ISTAT per l'Italia; anno piu' vicino alla decorrenza disponibile nel payload.
2025,Totale,46,98189.0,1.33395,38.712,istat_tavole_mortalita,osservato,Tavole di mortalita' ISTAT per l'Italia; anno piu' vicino alla decorrenza disponibile nel payload.
2025,Totale,47,98058.0,1.46636,37.763,istat_tavole_mortalita,osservato,Tavole di mortalita' ISTAT per l'Italia; anno piu' vicino alla decorrenza disponibile nel payload.
2025,Totale,48,97915.0,1.60403,36.818,istat_tavole_mortalita,osservato,Tavole di mortalita' ISTAT per l'Italia; anno piu' vicino alla decorrenza disponibile nel payload.
2025,Totale,49,97758.0,1.72645,35.876,istat_tavole_mortalita,osservato,Tavole di mortalita' ISTAT per l'Italia; anno piu' vicino alla decorrenza disponibile nel payload.
2025,Totale,50,97589.0,1.84577,34.937,istat_tavole_mortalita,osservato,Tavole di mortalita' ISTAT per l'Italia; anno piu' vicino alla decorrenza disponibile nel payload.
2025,Totale,51,97409.0,1.99893,34.001,istat_tavole_mortalita,osservato,Tavole di mortalita' ISTAT per l'Italia; anno piu' vicino alla decorrenza disponibile nel payload.
2025,Totale,52,97214.0,2.15021,33.068,istat_tavole_mortalita,osservato,Tavole di mortalita' ISTAT per l'Italia; anno piu' vicino alla decorrenza disponibile nel payload.
2025,Totale,53,97005.0,2.34164,32.138,istat_tavole_mortalita,osservato,Tavole di mortalita' ISTAT per l'Italia; anno piu' vicino alla decorrenza disponibile nel payload.
2025,Totale,54,96778.0,2.57017,31.212,istat_tavole_mortalita,osservato,Tavole di mortalita' ISTAT per l'Italia; anno piu' vicino alla decorrenza disponibile nel payload.
2025,Totale,55,96529.0,2.82958,30.292,istat_tavole_mortalita,osservato,Tavole di mortalita' ISTAT per l'Italia; anno piu' vicino alla decorrenza disponibile nel payload.
2025,Totale,56,96256.0,3.10427,29.376,istat_tavole_mortalita,osservato,Tavole di mortalita' ISTAT per l'Italia; anno piu' vicino alla decorrenza disponibile nel payload.
2025,Totale,57,95957.0,3.4155,28.466,istat_tavole_mortalita,osservato,Tavole di mortalita' ISTAT per l'Italia; anno piu' vicino alla decorrenza disponibile nel payload.
2025,Totale,58,95629.0,3.75257,27.562,istat_tavole_mortalita,osservato,Tavole di mortalita' ISTAT per l'Italia; anno piu' vicino alla decorrenza disponibile nel payload.
2025,Totale,59,95271.0,4.09468,26.664,istat_tavole_mortalita,osservato,Tavole di mortalita' ISTAT per l'Italia; anno piu' vicino alla decorrenza disponibile nel payload.
2025,Totale,60,94880.0,4.4542,25.771,istat_tavole_mortalita,osservato,Tavole di mortalita' ISTAT per l'Italia; anno piu' vicino alla decorrenza disponibile nel payload.
2025,Totale,61,94458.0,4.90825,24.884,istat_tavole_mortalita,osservato,Tavole di mortalita' ISTAT per l'Italia; anno piu' vicino alla decorrenza disponibile nel payload.
2025,Totale,62,93994.0,5.38119,24.005,istat_tavole_mortalita,osservato,Tavole di mortalita' ISTAT per l'Italia; anno piu' vicino alla decorrenza disponibile nel payload.
2025,Totale,63,93488.0,5.92679,23.132,istat_tavole_mortalita,osservato,Tavole di mortalita' ISTAT per l'Italia; anno piu' vicino alla decorrenza disponibile nel payload.
2025,Totale,64,92934.0,6.57078,22.267,istat_tavole_mortalita,osservato,Tavole di mortalita' ISTAT per l'Italia; anno piu' vicino alla decorrenza disponibile nel payload.
2025,Totale,65,92324.0,7.31549,21.411,istat_tavole_mortalita,osservato,Tavole di mortalita' ISTAT per l'Italia; anno piu' vicino alla decorrenza disponibile nel payload.
2025,Totale,66,91648.0,8.0997,20.565,istat_tavole_mortalita,osservato,Tavole di mortalita' ISTAT per l'Italia; anno piu' vicino alla decorrenza disponibile nel payload.
2025,Totale,67,90906.0,8.97807,19.729,istat_tavole_mortalita,osservato,Tavole di mortalita' ISTAT per l'Italia; anno piu' vicino alla decorrenza disponibile nel payload.
2025,Totale,68,90090.0,9.87063,18.903,istat_tavole_mortalita,osservato,Tavole di mortalita' ISTAT per l'Italia; anno piu' vicino alla decorrenza disponibile nel payload.
2025,Totale,69,89201.0,10.75368,18.086,istat_tavole_mortalita,osservato,Tavole di mortalita' ISTAT per l'Italia; anno piu' vicino alla decorrenza disponibile nel payload.
2025,Totale,70,88241.0,11.75177,17.278,istat_tavole_mortalita,osservato,Tavole di mortalita' ISTAT per l'Italia; anno piu' vicino alla decorrenza disponibile nel payload.
2025,Totale,71,87204.0,13.01744,16.477,istat_tavole_mortalita,osservato,Tavole di mortalita' ISTAT per l'Italia; anno piu' vicino alla decorrenza disponibile nel payload.
2025,Totale,72,86069.0,14.65686,15.688,istat_tavole_mortalita,osservato,Tavole di mortalita' ISTAT per l'Italia; anno piu' vicino alla decorrenza disponibile nel payload.
2025,Totale,73,84808.0,16.35501,14.914,istat_tavole_mortalita,osservato,Tavole di mortalita' ISTAT per l'Italia; anno piu' vicino alla decorrenza disponibile nel payload.
2025,Totale,74,83421.0,18.52596,14.153,istat_tavole_mortalita,osservato,Tavole di mortalita' ISTAT per l'Italia; anno piu' vicino alla decorrenza disponibile nel payload.
2025,Totale,75,81875.0,20.60918,13.411,istat_tavole_mortalita,osservato,Tavole di mortalita' ISTAT per l'Italia; anno piu' vicino alla decorrenza disponibile nel payload.
2025,Totale,76,80188.0,23.25107,12.683,istat_tavole_mortalita,osservato,Tavole di mortalita' ISTAT per l'Italia; anno piu' vicino alla decorrenza disponibile nel payload.
2025,Totale,77,78323.0,25.33288,11.973,istat_tavole_mortalita,osservato,Tavole di mortalita' ISTAT per l'Italia; anno piu' vicino alla decorrenza disponibile nel payload.
2025,Totale,78,76339.0,28.28189,11.271,istat_tavole_mortalita,osservato,Tavole di mortalita' ISTAT per l'Italia; anno piu' vicino alla decorrenza disponibile nel payload.
2025,Totale,79,74180.0,31.99242,10.584,istat_tavole_mortalita,osservato,Tavole di mortalita' ISTAT per l'Italia; anno piu' vicino alla decorrenza disponibile nel payload.
2025,Totale,80,71807.0,36.6856,9.918,istat_tavole_mortalita,osservato,Tavole di mortalita' ISTAT per l'Italia; anno piu' vicino alla decorrenza disponibile nel payload.
2025,Totale,81,69173.0,41.38712,9.276,istat_tavole_mortalita,osservato,Tavole di mortalita' ISTAT per l'Italia; anno piu' vicino alla decorrenza disponibile nel payload.
2025,Totale,82,66310.0,48.33088,8.655,istat_tavole_mortalita,osservato,Tavole di mortalita' ISTAT per l'Italia; anno piu' vicino alla decorrenza disponibile nel payload.
2025,Totale,83,63105.0,54.71313,8.07,istat_tavole_mortalita,osservato,Tavole di mortalita' ISTAT per l'Italia; anno piu' vicino alla decorrenza disponibile nel payload.
2025,Totale,84,59652.0,62.0245,7.508,istat_tavole_mortalita,osservato,Tavole di mortalita' ISTAT per l'Italia; anno piu' vicino alla decorrenza disponibile nel payload.
2025,Totale,85,55952.0,70.07082,6.971,istat_tavole_mortalita,osservato,Tavole di mortalita' ISTAT per l'Italia; anno piu' vicino alla decorrenza disponibile nel payload.
2025,Totale,86,52032.0,77.59165,6.459,istat_tavole_mortalita,osservato,Tavole di mortalita' ISTAT per l'Italia; anno piu' vicino alla decorrenza disponibile nel payload.
2025,Totale,87,47995.0,88.16759,5.96,istat_tavole_mortalita,osservato,Tavole di mortalita' ISTAT per l'Italia; anno piu' vicino alla decorrenza disponibile nel payload.
2025,Totale,88,43763.0,101.21944,5.488,istat_tavole_mortalita,osservato,Tavole di mortalita' ISTAT per l'Italia; anno piu' vicino alla decorrenza disponibile nel payload.
2025,Totale,89,39333.0,116.41132,5.049,istat_tavole_mortalita,osservato,Tavole di mortalita' ISTAT per l'Italia; anno piu' vicino alla decorrenza disponibile nel payload.
2025,Totale,90,34754.0,132.51667,4.649,istat_tavole_mortalita,osservato,Tavole di mortalita' ISTAT per l'Italia; anno piu' vicino alla decorrenza disponibile nel payload.
2025,Totale,91,30149.0,149.6359,4.283,istat_tavole_mortalita,osservato,Tavole di mortalita' ISTAT per l'Italia; anno piu' vicino alla decorrenza disponibile nel payload.
2025,Totale,92,25638.0,168.97569,3.948,istat_tavole_mortalita,osservato,Tavole di mortalita' ISTAT per l'Italia; anno piu' vicino alla decorrenza disponibile nel payload.
2025,Totale,93,21305.0,188.58325,3.649,istat_tavole_mortalita,osservato,Tavole di mortalita' ISTAT per l'Italia; anno piu' vicino alla decorrenza disponibile nel payload.
2025,Totale,94,17288.0,207.58424,3.381,istat_tavole_mortalita,osservato,Tavole di mortalita' ISTAT per l'Italia; anno piu' vicino alla decorrenza disponibile nel payload.
2025,Totale,95,13699.0,227.13695,3.136,istat_tavole_mortalita,osservato,Tavole di mortalita' ISTAT per l'Italia; anno piu' vicino alla decorrenza disponibile nel payload.
2025,Totale,96,10587.0,246.49908,2.911,istat_tavole_mortalita,osservato,Tavole di mortalita' ISTAT per l'Italia; anno piu' vicino alla decorrenza disponibile nel payload.
2025,Totale,97,7978.0,265.40469,2.7,istat_tavole_mortalita,osservato,Tavole di mortalita' ISTAT per l'Italia; anno piu' vicino alla decorrenza disponibile nel payload.
2025,Totale,98,5860.0,285.77751,2.494,istat_tavole_mortalita,osservato,Tavole di mortalita' ISTAT per l'Italia; anno piu' vicino alla decorrenza disponibile nel payload.
2025,Totale,99,4186.0,309.65789,2.292,istat_tavole_mortalita,osservato,Tavole di mortalita' ISTAT per l'Italia; anno piu' vicino alla decorrenza disponibile nel payload.
2025,Totale,100,2889.0,339.21259,2.096,istat_tavole_mortalita,osservato,Tavole di mortalita' ISTAT per l'Italia; anno piu' vicino alla decorrenza disponibile nel payload.
2025,Totale,101,1909.0,374.69799,1.916,istat_tavole_mortalita,osservato,Tavole di mortalita' ISTAT per l'Italia; anno piu' vicino alla decorrenza disponibile nel payload.
2025,Totale,102,1194.0,405.68383,1.764,istat_tavole_mortalita,osservato,Tavole di mortalita' ISTAT per l'Italia; anno piu' vicino alla decorrenza disponibile nel payload.
2025,Totale,103,710.0,437.3944,1.628,istat_tavole_mortalita,osservato,Tavole di mortalita' ISTAT per l'Italia; anno piu' vicino alla decorrenza disponibile nel payload.
2025,Totale,104,399.0,469.57992,1.504,istat_tavole_mortalita,osservato,Tavole di mortalita' ISTAT per l'Italia; anno piu' vicino alla decorrenza disponibile nel payload.
2025,Totale,105,212.0,501.97571,1.393,istat_tavole_mortalita,osservato,Tavole di mortalita' ISTAT per l'Italia; anno piu' vicino alla decorrenza disponibile nel payload.
2025,Totale,106,105.0,534.31488,1.294,istat_tavole_mortalita,osservato,Tavole di mortalita' ISTAT per l'Italia; anno piu' vicino alla decorrenza disponibile nel payload.
2025,Totale,107,49.0,566.33204,1.205,istat_tavole_mortalita,osservato,Tavole di mortalita' ISTAT per l'Italia; anno piu' vicino alla decorrenza disponibile nel payload.
2025,Totale,108,21.0,597.77927,1.125,istat_tavole_mortalita,osservato,Tavole di mortalita' ISTAT per l'Italia; anno piu' vicino alla decorrenza disponibile nel payload.
2025,Totale,109,9.0,628.43064,1.054,istat_tavole_mortalita,osservato,Tavole di mortalita' ISTAT per l'Italia; anno piu' vicino alla decorrenza disponibile nel payload.
2025,Totale,110,3.0,658.08679,0.99,istat_tavole_mortalita,osservato,Tavole di mortalita' ISTAT per l'Italia; anno piu' vicino alla decorrenza disponibile nel payload.
2025,Totale,111,1.0,686.58337,0.933,istat_tavole_mortalita,osservato,Tavole di mortalita' ISTAT per l'Italia; anno piu' vicino alla decorrenza disponibile nel payload.
2025,Totale,112,0.0,713.79363,0.883,istat_tavole_mortalita,osservato,Tavole di mortalita' ISTAT per l'Italia; anno piu' vicino alla decorrenza disponibile nel payload.
2025,Totale,113,0.0,739.62485,0.838,istat_tavole_mortalita,osservato,Tavole di mortalita' ISTAT per l'Italia; anno piu' vicino alla decorrenza disponibile nel payload.
2025,Totale,114,0.0,764.01995,0.798,istat_tavole_mortalita,osservato,Tavole di mortalita' ISTAT per l'Italia; anno piu' vicino alla decorrenza disponibile nel payload.
2025,Totale,115,0.0,786.95429,0.762,istat_tavole_mortalita,osservato,Tavole di mortalita' ISTAT per l'Italia; anno piu' vicino alla decorrenza disponibile nel payload.
2025,Totale,116,0.0,808.43157,0.73,istat_tavole_mortalita,osservato,Tavole di mortalita' ISTAT per l'Italia; anno piu' vicino alla decorrenza disponibile nel payload.
2025,Totale,117,0.0,828.47509,0.702,istat_tavole_mortalita,osservato,Tavole di mortalita' ISTAT per l'Italia; anno piu' vicino alla decorrenza disponibile nel payload.
2025,Totale,118,0.0,846.98457,0.677,istat_tavole_mortalita,osservato,Tavole di mortalita' ISTAT per l'Italia; anno piu' vicino alla decorrenza disponibile nel payload.
2025,Totale,119,0.0,864.3986,0.654,istat_tavole_mortalita,osservato,Tavole di mortalita' ISTAT per l'Italia; anno piu' vicino alla decorrenza disponibile nel payload.
2025,Maschi,0,100000.0,2.83574,81.744,istat_tavole_mortalita,osservato,Tavole di mortalita' ISTAT per l'Italia; anno piu' vicino alla decorrenza disponibile nel payload.
2025,Maschi,1,99716.0,0.17377,80.975,istat_tavole_mortalita,osservato,Tavole di mortalita' ISTAT per l'Italia; anno piu' vicino alla decorrenza disponibile nel payload.
2025,Maschi,2,99699.0,0.14052,79.989,istat_tavole_mortalita,osservato,Tavole di mortalita' ISTAT per l'Italia; anno piu' vicino alla decorrenza disponibile nel payload.
2025,Maschi,3,99685.0,0.11698,79.001,istat_tavole_mortalita,osservato,Tavole di mortalita' ISTAT per l'Italia; anno piu' vicino alla decorrenza disponibile nel payload.
2025,Maschi,4,99673.0,0.10071,78.01,istat_tavole_mortalita,osservato,Tavole di mortalita' ISTAT per l'Italia; anno piu' vicino alla decorrenza disponibile nel payload.
2025,Maschi,5,99663.0,0.09127,77.018,istat_tavole_mortalita,osservato,Tavole di mortalita' ISTAT per l'Italia; anno piu' vicino alla decorrenza disponibile nel payload.
2025,Maschi,6,99654.0,0.08541,76.025,istat_tavole_mortalita,osservato,Tavole di mortalita' ISTAT per l'Italia; anno piu' vicino alla decorrenza disponibile nel payload.
2025,Maschi,7,99646.0,0.08188,75.031,istat_tavole_mortalita,osservato,Tavole di mortalita' ISTAT per l'Italia; anno piu' vicino alla decorrenza disponibile nel payload.
2025,Maschi,8,99638.0,0.0791,74.037,istat_tavole_mortalita,osservato,Tavole di mortalita' ISTAT per l'Italia; anno piu' vicino alla decorrenza disponibile nel payload.
2025,Maschi,9,99630.0,0.07541,73.043,istat_tavole_mortalita,osservato,Tavole di mortalita' ISTAT per l'Italia; anno piu' vicino alla decorrenza disponibile nel payload.
2025,Maschi,10,99622.0,0.07366,72.048,istat_tavole_mortalita,osservato,Tavole di mortalita' ISTAT per l'Italia; anno piu' vicino alla decorrenza disponibile nel payload.
2025,Maschi,11,99615.0,0.07554,71.054,istat_tavole_mortalita,osservato,Tavole di mortalita' ISTAT per l'Italia; anno piu' vicino alla decorrenza disponibile nel payload.
2025,Maschi,12,99607.0,0.08656,70.059,istat_tavole_mortalita,osservato,Tavole di mortalita' ISTAT per l'Italia; anno piu' vicino alla decorrenza disponibile nel payload.
2025,Maschi,13,99599.0,0.10779,69.065,istat_tavole_mortalita,osservato,Tavole di mortalita' ISTAT per l'Italia; anno piu' vicino alla decorrenza disponibile nel payload.
2025,Maschi,14,99588.0,0.14177,68.072,istat_tavole_mortalita,osservato,Tavole di mortalita' ISTAT per l'Italia; anno piu' vicino alla decorrenza disponibile nel payload.
2025,Maschi,15,99574.0,0.1856,67.082,istat_tavole_mortalita,osservato,Tavole di mortalita' ISTAT per l'Italia; anno piu' vicino alla decorrenza disponibile nel payload.
2025,Maschi,16,99555.0,0.23113,66.094,istat_tavole_mortalita,osservato,Tavole di mortalita' ISTAT per l'Italia; anno piu' vicino alla decorrenza disponibile nel payload.
2025,Maschi,17,99532.0,0.27668,65.11,istat_tavole_mortalita,osservato,Tavole di mortalita' ISTAT per l'Italia; anno piu' vicino alla decorrenza disponibile nel payload.
2025,Maschi,18,99505.0,0.32783,64.127,istat_tavole_mortalita,osservato,Tavole di mortalita' ISTAT per l'Italia; anno piu' vicino alla decorrenza disponibile nel payload.
2025,Maschi,19,99472.0,0.35762,63.148,istat_tavole_mortalita,osservato,Tavole di mortalita' ISTAT per l'Italia; anno piu' vicino alla decorrenza disponibile nel payload.
2025,Maschi,20,99437.0,0.37529,62.171,istat_tavole_mortalita,osservato,Tavole di mortalita' ISTAT per l'Italia; anno piu' vicino alla decorrenza disponibile nel payload.
2025,Maschi,21,99399.0,0.3815,61.194,istat_tavole_mortalita,osservato,Tavole di mortalita' ISTAT per l'Italia; anno piu' vicino alla decorrenza disponibile nel payload.
2025,Maschi,22,99361.0,0.38641,60.217,istat_tavole_mortalita,osservato,Tavole di mortalita' ISTAT per l'Italia; anno piu' vicino alla decorrenza disponibile nel payload.
2025,Maschi,23,99323.0,0.39445,59.24,istat_tavole_mortalita,osservato,Tavole di mortalita' ISTAT per l'Italia; anno piu' vicino alla decorrenza disponibile nel payload.
2025,Maschi,24,99284.0,0.40574,58.263,istat_tavole_mortalita,osservato,Tavole di mortalita' ISTAT per l'Italia; anno piu' vicino alla decorrenza disponibile nel payload.
2025,Maschi,25,99244.0,0.40217,57.287,istat_tavole_mortalita,osservato,Tavole di mortalita' ISTAT per l'Italia; anno piu' vicino alla decorrenza disponibile nel payload.
2025,Maschi,26,99204.0,0.3965,56.31,istat_tavole_mortalita,osservato,Tavole di mortalita' ISTAT per l'Italia; anno piu' vicino alla decorrenza disponibile nel payload.
2025,Maschi,27,99164.0,0.41088,55.332,istat_tavole_mortalita,osservato,Tavole di mortalita' ISTAT per l'Italia; anno piu' vicino alla decorrenza disponibile nel payload.
2025,Maschi,28,99124.0,0.43226,54.354,istat_tavole_mortalita,osservato,Tavole di mortalita' ISTAT per l'Italia; anno piu' vicino alla decorrenza disponibile nel payload.
2025,Maschi,29,99081.0,0.46119,53.378,istat_tavole_mortalita,osservato,Tavole di mortalita' ISTAT per l'Italia; anno piu' vicino alla decorrenza disponibile nel payload.
2025,Maschi,30,99035.0,0.48421,52.402,istat_tavole_mortalita,osservato,Tavole di mortalita' ISTAT per l'Italia; anno piu' vicino alla decorrenza disponibile nel payload.
2025,Maschi,31,98987.0,0.50197,51.427,istat_tavole_mortalita,osservato,Tavole di mortalita' ISTAT per l'Italia; anno piu' vicino alla decorrenza disponibile nel payload.
2025,Maschi,32,98937.0,0.51248,50.453,istat_tavole_mortalita,osservato,Tavole di mortalita' ISTAT per l'Italia; anno piu' vicino alla decorrenza disponibile nel payload.
2025,Maschi,33,98887.0,0.5469,49.478,istat_tavole_mortalita,osservato,Tavole di mortalita' ISTAT per l'Italia; anno piu' vicino alla decorrenza disponibile nel payload.
2025,Maschi,34,98833.0,0.58565,48.505,istat_tavole_mortalita,osservato,Tavole di mortalita' ISTAT per l'Italia; anno piu' vicino alla decorrenza disponibile nel payload.
2025,Maschi,35,98775.0,0.62028,47.533,istat_tavole_mortalita,osservato,Tavole di mortalita' ISTAT per l'Italia; anno piu' vicino alla decorrenza disponibile nel payload.
2025,Maschi,36,98713.0,0.6616,46.562,istat_tavole_mortalita,osservato,Tavole di mortalita' ISTAT per l'Italia; anno piu' vicino alla decorrenza disponibile nel payload.
2025,Maschi,37,98648.0,0.71283,45.593,istat_tavole_mortalita,osservato,Tavole di mortalita' ISTAT per l'Italia; anno piu' vicino alla decorrenza disponibile nel payload.
2025,Maschi,38,98578.0,0.76661,44.625,istat_tavole_mortalita,osservato,Tavole di mortalita' ISTAT per l'Italia; anno piu' vicino alla decorrenza disponibile nel payload.
2025,Maschi,39,98502.0,0.83003,43.659,istat_tavole_mortalita,osservato,Tavole di mortalita' ISTAT per l'Italia; anno piu' vicino alla decorrenza disponibile nel payload.
2025,Maschi,40,98421.0,0.91433,42.695,istat_tavole_mortalita,osservato,Tavole di mortalita' ISTAT per l'Italia; anno piu' vicino alla decorrenza disponibile nel payload.
2025,Maschi,41,98331.0,0.98125,41.733,istat_tavole_mortalita,osservato,Tavole di mortalita' ISTAT per l'Italia; anno piu' vicino alla decorrenza disponibile nel payload.
2025,Maschi,42,98234.0,1.0951,40.774,istat_tavole_mortalita,osservato,Tavole di mortalita' ISTAT per l'Italia; anno piu' vicino alla decorrenza disponibile nel payload.
2025,Maschi,43,98126.0,1.22867,39.818,istat_tavole_mortalita,osservato,Tavole di mortalita' ISTAT per l'Italia; anno piu' vicino alla decorrenza disponibile nel payload.
2025,Maschi,44,98006.0,1.35905,38.866,istat_tavole_mortalita,osservato,Tavole di mortalita' ISTAT per l'Italia; anno piu' vicino alla decorrenza disponibile nel payload.
2025,Maschi,45,97873.0,1.49456,37.919,istat_tavole_mortalita,osservato,Tavole di mortalita' ISTAT per l'Italia; anno piu' vicino alla decorrenza disponibile nel payload.
2025,Maschi,46,97726.0,1.63086,36.975,istat_tavole_mortalita,osservato,Tavole di mortalita' ISTAT per l'Italia; anno piu' vicino alla decorrenza disponibile nel payload.
2025,Maschi,47,97567.0,1.79335,36.034,istat_tavole_mortalita,osservato,Tavole di mortalita' ISTAT per l'Italia; anno piu' vicino alla decorrenza disponibile nel payload.
2025,Maschi,48,97392.0,1.99087,35.098,istat_tavole_mortalita,osservato,Tavole di mortalita' ISTAT per l'Italia; anno piu' vicino alla decorrenza disponibile nel payload.
2025,Maschi,49,97198.0,2.16373,34.167,istat_tavole_mortalita,osservato,Tavole di mortalita' ISTAT per l'Italia; anno piu' vicino alla decorrenza disponibile nel payload.
2025,Maschi,50,96988.0,2.3229,33.24,istat_tavole_mortalita,osservato,Tavole di mortalita' ISTAT per l'Italia; anno piu' vicino alla decorrenza disponibile nel payload.
2025,Maschi,51,96763.0,2.51555,32.316,istat_tavole_mortalita,osservato,Tavole di mortalita' ISTAT per l'Italia; anno piu' vicino alla decorrenza disponibile nel payload.
2025,Maschi,52,96519.0,2.6978,31.397,istat_tavole_mortalita,osservato,Tavole di mortalita' ISTAT per l'Italia; anno piu' vicino alla decorrenza disponibile nel payload.
2025,Maschi,53,96259.0,2.96315,30.48,istat_tavole_mortalita,osservato,Tavole di mortalita' ISTAT per l'Italia; anno piu' vicino alla decorrenza disponibile nel payload.
2025,Maschi,54,95974.0,3.28455,29.569,istat_tavole_mortalita,osservato,Tavole di mortalita' ISTAT per l'Italia; anno piu' vicino alla decorrenza disponibile nel payload.
2025,Maschi,55,95658.0,3.63159,28.665,istat_tavole_mortalita,osservato,Tavole di mortalita' ISTAT per l'Italia; anno piu' vicino alla decorrenza disponibile nel payload.
2025,Maschi,56,95311.0,4.00744,27.768,istat_tavole_mortalita,osservato,Tavole di mortalita' ISTAT per l'Italia; anno piu' vicino alla decorrenza disponibile nel payload.
2025,Maschi,57,94929.0,4.40653,26.877,istat_tavole_mortalita,osservato,Tavole di mortalita' ISTAT per l'Italia; anno piu' vicino alla decorrenza disponibile nel payload.
2025,Maschi,58,94511.0,4.80004,25.994,istat_tavole_mortalita,osservato,Tavole di mortalita' ISTAT per l'Italia; anno piu' vicino alla decorrenza disponibile nel payload.
2025,Maschi,59,94057.0,5.22062,25.117,istat_tavole_mortalita,osservato,Tavole di mortalita' ISTAT per l'Italia; anno piu' vicino alla decorrenza disponibile nel payload.
2025,Maschi,60,93566.0,5.6417,24.246,istat_tavole_mortalita,osservato,Tavole di mortalita' ISTAT per l'Italia; anno piu' vicino alla decorrenza disponibile nel payload.
2025,Maschi,61,93038.0,6.22201,23.381,istat_tavole_mortalita,osservato,Tavole di mortalita' ISTAT per l'Italia; anno piu' vicino alla decorrenza disponibile nel payload.
2025,Maschi,62,92459.0,6.85877,22.524,istat_tavole_mortalita,osservato,Tavole di mortalita' ISTAT per l'Italia; anno piu' vicino alla decorrenza disponibile nel payload.
2025,Maschi,63,91825.0,7.60386,21.676,istat_tavole_mortalita,osservato,Tavole di mortalita' ISTAT per l'Italia; anno piu' vicino alla decorrenza disponibile nel payload.
2025,Maschi,64,91127.0,8.4199,20.839,istat_tavole_mortalita,osservato,Tavole di mortalita' ISTAT per l'Italia; anno piu' vicino alla decorrenza disponibile nel payload.
2025,Maschi,65,90360.0,9.37513,20.011,istat_tavole_mortalita,osservato,Tavole di mortalita' ISTAT per l'Italia; anno piu' vicino alla decorrenza disponibile nel payload.
2025,Maschi,66,89512.0,10.30807,19.196,istat_tavole_mortalita,osservato,Tavole di mortalita' ISTAT per l'Italia; anno piu' vicino alla decorrenza disponibile nel payload.
2025,Maschi,67,88590.0,11.3561,18.391,istat_tavole_mortalita,osservato,Tavole di mortalita' ISTAT per l'Italia; anno piu' vicino alla decorrenza disponibile nel payload.
2025,Maschi,68,87584.0,12.51877,17.596,istat_tavole_mortalita,osservato,Tavole di mortalita' ISTAT per l'Italia; anno piu' vicino alla decorrenza disponibile nel payload.
2025,Maschi,69,86487.0,13.6669,16.813,istat_tavole_mortalita,osservato,Tavole di mortalita' ISTAT per l'Italia; anno piu' vicino alla decorrenza disponibile nel payload.
2025,Maschi,70,85305.0,14.90786,16.039,istat_tavole_mortalita,osservato,Tavole di mortalita' ISTAT per l'Italia; anno piu' vicino alla decorrenza disponibile nel payload.
2025,Maschi,71,84034.0,16.58813,15.274,istat_tavole_mortalita,osservato,Tavole di mortalita' ISTAT per l'Italia; anno piu' vicino alla decorrenza disponibile nel payload.
2025,Maschi,72,82640.0,18.70951,14.523,istat_tavole_mortalita,osservato,Tavole di mortalita' ISTAT per l'Italia; anno piu' vicino alla decorrenza disponibile nel payload.
2025,Maschi,73,81093.0,20.86125,13.791,istat_tavole_mortalita,osservato,Tavole di mortalita' ISTAT per l'Italia; anno piu' vicino alla decorrenza disponibile nel payload.
2025,Maschi,74,79402.0,23.54907,13.074,istat_tavole_mortalita,osservato,Tavole di mortalita' ISTAT per l'Italia; anno piu' vicino alla decorrenza disponibile nel payload.
2025,Maschi,75,77532.0,26.05178,12.377,istat_tavole_mortalita,osservato,Tavole di mortalita' ISTAT per l'Italia; anno piu' vicino alla decorrenza disponibile nel payload.
2025,Maschi,76,75512.0,29.315,11.695,istat_tavole_mortalita,osservato,Tavole di mortalita' ISTAT per l'Italia; anno piu' vicino alla decorrenza disponibile nel payload.
2025,Maschi,77,73298.0,31.43475,11.033,istat_tavole_mortalita,osservato,Tavole di mortalita' ISTAT per l'Italia; anno piu' vicino alla decorrenza disponibile nel payload.
2025,Maschi,78,70994.0,34.69235,10.375,istat_tavole_mortalita,osservato,Tavole di mortalita' ISTAT per l'Italia; anno piu' vicino alla decorrenza disponibile nel payload.
2025,Maschi,79,68531.0,38.89751,9.73,istat_tavole_mortalita,osservato,Tavole di mortalita' ISTAT per l'Italia; anno piu' vicino alla decorrenza disponibile nel payload.
2025,Maschi,80,65866.0,44.31533,9.103,istat_tavole_mortalita,osservato,Tavole di mortalita' ISTAT per l'Italia; anno piu' vicino alla decorrenza disponibile nel payload.
2025,Maschi,81,62947.0,49.99275,8.502,istat_tavole_mortalita,osservato,Tavole di mortalita' ISTAT per l'Italia; anno piu' vicino alla decorrenza disponibile nel payload.
2025,Maschi,82,59800.0,58.45031,7.923,istat_tavole_mortalita,osservato,Tavole di mortalita' ISTAT per l'Italia; anno piu' vicino alla decorrenza disponibile nel payload.
2025,Maschi,83,56305.0,65.80256,7.384,istat_tavole_mortalita,osservato,Tavole di mortalita' ISTAT per l'Italia; anno piu' vicino alla decorrenza disponibile nel payload.
2025,Maschi,84,52600.0,73.83313,6.869,istat_tavole_mortalita,osservato,Tavole di mortalita' ISTAT per l'Italia; anno piu' vicino alla decorrenza disponibile nel payload.
2025,Maschi,85,48716.0,83.07158,6.377,istat_tavole_mortalita,osservato,Tavole di mortalita' ISTAT per l'Italia; anno piu' vicino alla decorrenza disponibile nel payload.
2025,Maschi,86,44669.0,91.45528,5.909,istat_tavole_mortalita,osservato,Tavole di mortalita' ISTAT per l'Italia; anno piu' vicino alla decorrenza disponibile nel payload.
2025,Maschi,87,40584.0,103.21068,5.454,istat_tavole_mortalita,osservato,Tavole di mortalita' ISTAT per l'Italia; anno piu' vicino alla decorrenza disponibile nel payload.
2025,Maschi,88,36395.0,117.74916,5.024,istat_tavole_mortalita,osservato,Tavole di mortalita' ISTAT per l'Italia; anno piu' vicino alla decorrenza disponibile nel payload.
2025,Maschi,89,32110.0,134.25126,4.628,istat_tavole_mortalita,osservato,Tavole di mortalita' ISTAT per l'Italia; anno piu' vicino alla decorrenza disponibile nel payload.
2025,Maschi,90,27799.0,150.85585,4.268,istat_tavole_mortalita,osservato,Tavole di mortalita' ISTAT per l'Italia; anno piu' vicino alla decorrenza disponibile nel payload.
2025,Maschi,91,23605.0,168.98256,3.937,istat_tavole_mortalita,osservato,Tavole di mortalita' ISTAT per l'Italia; anno piu' vicino alla decorrenza disponibile nel payload.
2025,Maschi,92,19616.0,188.72623,3.636,istat_tavole_mortalita,osservato,Tavole di mortalita' ISTAT per l'Italia; anno piu' vicino alla decorrenza disponibile nel payload.
2025,Maschi,93,15914.0,209.64873,3.365,istat_tavole_mortalita,osservato,Tavole di mortalita' ISTAT per l'Italia; anno piu' vicino alla decorrenza disponibile nel payload.
2025,Maschi,94,12578.0,230.32121,3.125,istat_tavole_mortalita,osservato,Tavole di mortalita' ISTAT per l'Italia; anno piu' vicino alla decorrenza disponibile nel payload.
2025,Maschi,95,9681.0,250.48865,2.911,istat_tavole_mortalita,osservato,Tavole di mortalita' ISTAT per l'Italia; anno piu' vicino alla decorrenza disponibile nel payload.
2025,Maschi,96,7256.0,270.36116,2.717,istat_tavole_mortalita,osservato,Tavole di mortalita' ISTAT per l'Italia; anno piu' vicino alla decorrenza disponibile nel payload.
2025,Maschi,97,5294.0,287.48407,2.538,istat_tavole_mortalita,osservato,Tavole di mortalita' ISTAT per l'Italia; anno piu' vicino alla decorrenza disponibile nel payload.
2025,Maschi,98,3772.0,304.91389,2.36,istat_tavole_mortalita,osservato,Tavole di mortalita' ISTAT per l'Italia; anno piu' vicino alla decorrenza disponibile nel payload.
2025,Maschi,99,2622.0,325.65782,2.176,istat_tavole_mortalita,osservato,Tavole di mortalita' ISTAT per l'Italia; anno piu' vicino alla decorrenza disponibile nel payload.
2025,Maschi,100,1768.0,355.68986,1.986,istat_tavole_mortalita,osservato,Tavole di mortalita' ISTAT per l'Italia; anno piu' vicino alla decorrenza disponibile nel payload.
2025,Maschi,101,1139.0,395.67427,1.806,istat_tavole_mortalita,osservato,Tavole di mortalita' ISTAT per l'Italia; anno piu' vicino alla decorrenza disponibile nel payload.
2025,Maschi,102,688.0,428.04448,1.662,istat_tavole_mortalita,osservato,Tavole di mortalita' ISTAT per l'Italia; anno piu' vicino alla decorrenza disponibile nel payload.
2025,Maschi,103,394.0,461.12933,1.531,istat_tavole_mortalita,osservato,Tavole di mortalita' ISTAT per l'Italia; anno piu' vicino alla decorrenza disponibile nel payload.
2025,Maschi,104,212.0,494.66445,1.414,istat_tavole_mortalita,osservato,Tavole di mortalita' ISTAT per l'Italia; anno piu' vicino alla decorrenza disponibile nel payload.
2025,Maschi,105,107.0,528.36631,1.308,istat_tavole_mortalita,osservato,Tavole di mortalita' ISTAT per l'Italia; anno piu' vicino alla decorrenza disponibile nel payload.
2025,Maschi,106,51.0,561.94935,1.214,istat_tavole_mortalita,osservato,Tavole di mortalita' ISTAT per l'Italia; anno piu' vicino alla decorrenza disponibile nel payload.
2025,Maschi,107,22.0,595.12898,1.129,istat_tavole_mortalita,osservato,Tavole di mortalita' ISTAT per l'Italia; anno piu' vicino alla decorrenza disponibile nel payload.
2025,Maschi,108,9.0,627.63907,1.053,istat_tavole_mortalita,osservato,Tavole di mortalita' ISTAT per l'Italia; anno piu' vicino alla decorrenza disponibile nel payload.
2025,Maschi,109,3.0,659.23134,0.986,istat_tavole_mortalita,osservato,Tavole di mortalita' ISTAT per l'Italia; anno piu' vicino alla decorrenza disponibile nel payload.
2025,Maschi,110,1.0,689.68923,0.926,istat_tavole_mortalita,osservato,Tavole di mortalita' ISTAT per l'Italia; anno piu' vicino alla decorrenza disponibile nel payload.
2025,Maschi,111,0.0,718.82937,0.873,istat_tavole_mortalita,osservato,Tavole di mortalita' ISTAT per l'Italia; anno piu' vicino alla decorrenza disponibile nel payload.
2025,Maschi,112,0.0,746.50791,0.825,istat_tavole_mortalita,osservato,Tavole di mortalita' ISTAT per l'Italia; anno piu' vicino alla decorrenza disponibile nel payload.
2025,Maschi,113,0.0,772.61613,0.783,istat_tavole_mortalita,osservato,Tavole di mortalita' ISTAT per l'Italia; anno piu' vicino alla decorrenza disponibile nel payload.
2025,Maschi,114,0.0,797.08482,0.746,istat_tavole_mortalita,osservato,Tavole di mortalita' ISTAT per l'Italia; anno piu' vicino alla decorrenza disponibile nel payload.
2025,Maschi,115,0.0,819.87791,0.713,istat_tavole_mortalita,osservato,Tavole di mortalita' ISTAT per l'Italia; anno piu' vicino alla decorrenza disponibile nel payload.
2025,Maschi,116,0.0,840.99284,0.684,istat_tavole_mortalita,osservato,Tavole di mortalita' ISTAT per l'Italia; anno piu' vicino alla decorrenza disponibile nel payload.
2025,Maschi,117,0.0,860.45206,0.659,istat_tavole_mortalita,osservato,Tavole di mortalita' ISTAT per l'Italia; anno piu' vicino alla decorrenza disponibile nel payload.
2025,Maschi,118,0.0,875.6089,0.639,istat_tavole_mortalita,osservato,Tavole di mortalita' ISTAT per l'Italia; anno piu' vicino alla decorrenza disponibile nel payload.
2025,Maschi,119,0.0,892.69888,0.618,istat_tavole_mortalita,osservato,Tavole di mortalita' ISTAT per l'Italia; anno piu' vicino alla decorrenza disponibile nel payload.
2025,Femmine,0,100000.0,2.28026,85.729,istat_tavole_mortalita,osservato,Tavole di mortalita' ISTAT per l'Italia; anno piu' vicino alla decorrenza disponibile nel payload.
2025,Femmine,1,99772.0,0.21689,84.923,istat_tavole_mortalita,osservato,Tavole di mortalita' ISTAT per l'Italia; anno piu' vicino alla decorrenza disponibile nel payload.
2025,Femmine,2,99750.0,0.14245,83.942,istat_tavole_mortalita,osservato,Tavole di mortalita' ISTAT per l'Italia; anno piu' vicino alla decorrenza disponibile nel payload.
2025,Femmine,3,99736.0,0.10057,82.954,istat_tavole_mortalita,osservato,Tavole di mortalita' ISTAT per l'Italia; anno piu' vicino alla decorrenza disponibile nel payload.
2025,Femmine,4,99726.0,0.07993,81.962,istat_tavole_mortalita,osservato,Tavole di mortalita' ISTAT per l'Italia; anno piu' vicino alla decorrenza disponibile nel payload.
2025,Femmine,5,99718.0,0.07902,80.968,istat_tavole_mortalita,osservato,Tavole di mortalita' ISTAT per l'Italia; anno piu' vicino alla decorrenza disponibile nel payload.
2025,Femmine,6,99710.0,0.08098,79.975,istat_tavole_mortalita,osservato,Tavole di mortalita' ISTAT per l'Italia; anno piu' vicino alla decorrenza disponibile nel payload.
2025,Femmine,7,99702.0,0.07748,78.981,istat_tavole_mortalita,osservato,Tavole di mortalita' ISTAT per l'Italia; anno piu' vicino alla decorrenza disponibile nel payload.
2025,Femmine,8,99694.0,0.07158,77.987,istat_tavole_mortalita,osservato,Tavole di mortalita' ISTAT per l'Italia; anno piu' vicino alla decorrenza disponibile nel payload.
2025,Femmine,9,99687.0,0.06977,76.993,istat_tavole_mortalita,osservato,Tavole di mortalita' ISTAT per l'Italia; anno piu' vicino alla decorrenza disponibile nel payload.
2025,Femmine,10,99680.0,0.06892,75.998,istat_tavole_mortalita,osservato,Tavole di mortalita' ISTAT per l'Italia; anno piu' vicino alla decorrenza disponibile nel payload.
2025,Femmine,11,99673.0,0.07425,75.003,istat_tavole_mortalita,osservato,Tavole di mortalita' ISTAT per l'Italia; anno piu' vicino alla decorrenza disponibile nel payload.
2025,Femmine,12,99666.0,0.08713,74.009,istat_tavole_mortalita,osservato,Tavole di mortalita' ISTAT per l'Italia; anno piu' vicino alla decorrenza disponibile nel payload.
2025,Femmine,13,99657.0,0.10035,73.015,istat_tavole_mortalita,osservato,Tavole di mortalita' ISTAT per l'Italia; anno piu' vicino alla decorrenza disponibile nel payload.
2025,Femmine,14,99647.0,0.10912,72.023,istat_tavole_mortalita,osservato,Tavole di mortalita' ISTAT per l'Italia; anno piu' vicino alla decorrenza disponibile nel payload.
2025,Femmine,15,99637.0,0.11326,71.03,istat_tavole_mortalita,osservato,Tavole di mortalita' ISTAT per l'Italia; anno piu' vicino alla decorrenza disponibile nel payload.
2025,Femmine,16,99625.0,0.11463,70.038,istat_tavole_mortalita,osservato,Tavole di mortalita' ISTAT per l'Italia; anno piu' vicino alla decorrenza disponibile nel payload.
2025,Femmine,17,99614.0,0.11983,69.046,istat_tavole_mortalita,osservato,Tavole di mortalita' ISTAT per l'Italia; anno piu' vicino alla decorrenza disponibile nel payload.
2025,Femmine,18,99602.0,0.13451,68.055,istat_tavole_mortalita,osservato,Tavole di mortalita' ISTAT per l'Italia; anno piu' vicino alla decorrenza disponibile nel payload.
2025,Femmine,19,99588.0,0.14386,67.064,istat_tavole_mortalita,osservato,Tavole di mortalita' ISTAT per l'Italia; anno piu' vicino alla decorrenza disponibile nel payload.
2025,Femmine,20,99574.0,0.14864,66.073,istat_tavole_mortalita,osservato,Tavole di mortalita' ISTAT per l'Italia; anno piu' vicino alla decorrenza disponibile nel payload.
2025,Femmine,21,99559.0,0.14544,65.083,istat_tavole_mortalita,osservato,Tavole di mortalita' ISTAT per l'Italia; anno piu' vicino alla decorrenza disponibile nel payload.
2025,Femmine,22,99545.0,0.14086,64.092,istat_tavole_mortalita,osservato,Tavole di mortalita' ISTAT per l'Italia; anno piu' vicino alla decorrenza disponibile nel payload.
2025,Femmine,23,99531.0,0.14277,63.101,istat_tavole_mortalita,osservato,Tavole di mortalita' ISTAT per l'Italia; anno piu' vicino alla decorrenza disponibile nel payload.
2025,Femmine,24,99517.0,0.15163,62.11,istat_tavole_mortalita,osservato,Tavole di mortalita' ISTAT per l'Italia; anno piu' vicino alla decorrenza disponibile nel payload.
2025,Femmine,25,99502.0,0.16154,61.12,istat_tavole_mortalita,osservato,Tavole di mortalita' ISTAT per l'Italia; anno piu' vicino alla decorrenza disponibile nel payload.
2025,Femmine,26,99485.0,0.17125,60.129,istat_tavole_mortalita,osservato,Tavole di mortalita' ISTAT per l'Italia; anno piu' vicino alla decorrenza disponibile nel payload.
2025,Femmine,27,99468.0,0.17709,59.14,istat_tavole_mortalita,osservato,Tavole di mortalita' ISTAT per l'Italia; anno piu' vicino alla decorrenza disponibile nel payload.
2025,Femmine,28,99451.0,0.18709,58.15,istat_tavole_mortalita,osservato,Tavole di mortalita' ISTAT per l'Italia; anno piu' vicino alla decorrenza disponibile nel payload.
2025,Femmine,29,99432.0,0.20015,57.161,istat_tavole_mortalita,osservato,Tavole di mortalita' ISTAT per l'Italia; anno piu' vicino alla decorrenza disponibile nel payload.
2025,Femmine,30,99412.0,0.22699,56.172,istat_tavole_mortalita,osservato,Tavole di mortalita' ISTAT per l'Italia; anno piu' vicino alla decorrenza disponibile nel payload.
2025,Femmine,31,99390.0,0.24301,55.185,istat_tavole_mortalita,osservato,Tavole di mortalita' ISTAT per l'Italia; anno piu' vicino alla decorrenza disponibile nel payload.
2025,Femmine,32,99366.0,0.25487,54.198,istat_tavole_mortalita,osservato,Tavole di mortalita' ISTAT per l'Italia; anno piu' vicino alla decorrenza disponibile nel payload.
2025,Femmine,33,99340.0,0.2666,53.212,istat_tavole_mortalita,osservato,Tavole di mortalita' ISTAT per l'Italia; anno piu' vicino alla decorrenza disponibile nel payload.
2025,Femmine,34,99314.0,0.29374,52.226,istat_tavole_mortalita,osservato,Tavole di mortalita' ISTAT per l'Italia; anno piu' vicino alla decorrenza disponibile nel payload.
2025,Femmine,35,99285.0,0.30512,51.241,istat_tavole_mortalita,osservato,Tavole di mortalita' ISTAT per l'Italia; anno piu' vicino alla decorrenza disponibile nel payload.
2025,Femmine,36,99254.0,0.33984,50.257,istat_tavole_mortalita,osservato,Tavole di mortalita' ISTAT per l'Italia; anno piu' vicino alla decorrenza disponibile nel payload.
2025,Femmine,37,99221.0,0.3725,49.273,istat_tavole_mortalita,osservato,Tavole di mortalita' ISTAT per l'Italia; anno piu' vicino alla decorrenza disponibile nel payload.
2025,Femmine,38,99184.0,0.43388,48.292,istat_tavole_mortalita,osservato,Tavole di mortalita' ISTAT per l'Italia; anno piu' vicino alla decorrenza disponibile nel payload.
2025,Femmine,39,99141.0,0.49452,47.312,istat_tavole_mortalita,osservato,Tavole di mortalita' ISTAT per l'Italia; anno piu' vicino alla decorrenza disponibile nel payload.
2025,Femmine,40,99092.0,0.55357,46.336,istat_tavole_mortalita,osservato,Tavole di mortalita' ISTAT per l'Italia; anno piu' vicino alla decorrenza disponibile nel payload.
2025,Femmine,41,99037.0,0.59177,45.361,istat_tavole_mortalita,osservato,Tavole di mortalita' ISTAT per l'Italia; anno piu' vicino alla decorrenza disponibile nel payload.
2025,Femmine,42,98978.0,0.64216,44.388,istat_tavole_mortalita,osservato,Tavole di mortalita' ISTAT per l'Italia; anno piu' vicino alla decorrenza disponibile nel payload.
2025,Femmine,43,98915.0,0.69694,43.416,istat_tavole_mortalita,osservato,Tavole di mortalita' ISTAT per l'Italia; anno piu' vicino alla decorrenza disponibile nel payload.
2025,Femmine,44,98846.0,0.79528,42.446,istat_tavole_mortalita,osservato,Tavole di mortalita' ISTAT per l'Italia; anno piu' vicino alla decorrenza disponibile nel payload.
2025,Femmine,45,98767.0,0.90275,41.479,istat_tavole_mortalita,osservato,Tavole di mortalita' ISTAT per l'Italia; anno piu' vicino alla decorrenza disponibile nel payload.
2025,Femmine,46,98678.0,1.02382,40.516,istat_tavole_mortalita,osservato,Tavole di mortalita' ISTAT per l'Italia; anno piu' vicino alla decorrenza disponibile nel payload.
2025,Femmine,47,98577.0,1.12504,39.557,istat_tavole_mortalita,osservato,Tavole di mortalita' ISTAT per l'Italia; anno piu' vicino alla decorrenza disponibile nel payload.
2025,Femmine,48,98466.0,1.20052,38.601,istat_tavole_mortalita,osservato,Tavole di mortalita' ISTAT per l'Italia; anno piu' vicino alla decorrenza disponibile nel payload.
2025,Femmine,49,98348.0,1.27071,37.647,istat_tavole_mortalita,osservato,Tavole di mortalita' ISTAT per l'Italia; anno piu' vicino alla decorrenza disponibile nel payload.
2025,Femmine,50,98223.0,1.34896,36.694,istat_tavole_mortalita,osservato,Tavole di mortalita' ISTAT per l'Italia; anno piu' vicino alla decorrenza disponibile nel payload.
2025,Femmine,51,98090.0,1.46156,35.743,istat_tavole_mortalita,osservato,Tavole di mortalita' ISTAT per l'Italia; anno piu' vicino alla decorrenza disponibile nel payload.
2025,Femmine,52,97947.0,1.58125,34.795,istat_tavole_mortalita,osservato,Tavole di mortalita' ISTAT per l'Italia; anno piu' vicino alla decorrenza disponibile nel payload.
2025,Femmine,53,97792.0,1.69663,33.849,istat_tavole_mortalita,osservato,Tavole di mortalita' ISTAT per l'Italia; anno piu' vicino alla decorrenza disponibile nel payload.
2025,Femmine,54,97626.0,1.8298,32.906,istat_tavole_mortalita,osservato,Tavole di mortalita' ISTAT per l'Italia; anno piu' vicino alla decorrenza disponibile nel payload.
2025,Femmine,55,97447.0,1.99968,31.965,istat_tavole_mortalita,osservato,Tavole di mortalita' ISTAT per l'Italia; anno piu' vicino alla decorrenza disponibile nel payload.
2025,Femmine,56,97253.0,2.17132,31.028,istat_tavole_mortalita,osservato,Tavole di mortalita' ISTAT per l'Italia; anno piu' vicino alla decorrenza disponibile nel payload.
2025,Femmine,57,97041.0,2.39375,30.094,istat_tavole_mortalita,osservato,Tavole di mortalita' ISTAT per l'Italia; anno piu' vicino alla decorrenza disponibile nel payload.
2025,Femmine,58,96809.0,2.67488,29.165,istat_tavole_mortalita,osservato,Tavole di mortalita' ISTAT per l'Italia; anno piu' vicino alla decorrenza disponibile nel payload.
2025,Femmine,59,96550.0,2.9388,28.242,istat_tavole_mortalita,osservato,Tavole di mortalita' ISTAT per l'Italia; anno piu' vicino alla decorrenza disponibile nel payload.
2025,Femmine,60,96266.0,3.238,27.324,istat_tavole_mortalita,osservato,Tavole di mortalita' ISTAT per l'Italia; anno piu' vicino alla decorrenza disponibile nel payload.
2025,Femmine,61,95955.0,3.56615,26.411,istat_tavole_mortalita,osservato,Tavole di mortalita' ISTAT per l'Italia; anno piu' vicino alla decorrenza disponibile nel payload.
2025,Femmine,62,95613.0,3.876,25.504,istat_tavole_mortalita,osservato,Tavole di mortalita' ISTAT per l'Italia; anno piu' vicino alla decorrenza disponibile nel payload.
2025,Femmine,63,95242.0,4.22386,24.601,istat_tavole_mortalita,osservato,Tavole di mortalita' ISTAT per l'Italia; anno piu' vicino alla decorrenza disponibile nel payload.
2025,Femmine,64,94840.0,4.69981,23.704,istat_tavole_mortalita,osservato,Tavole di mortalita' ISTAT per l'Italia; anno piu' vicino alla decorrenza disponibile nel payload.
2025,Femmine,65,94394.0,5.23975,22.813,istat_tavole_mortalita,osservato,Tavole di mortalita' ISTAT per l'Italia; anno piu' vicino alla decorrenza disponibile nel payload.
2025,Femmine,66,93899.0,5.88364,21.931,istat_tavole_mortalita,osservato,Tavole di mortalita' ISTAT per l'Italia; anno piu' vicino alla decorrenza disponibile nel payload.
2025,Femmine,67,93347.0,6.60277,21.057,istat_tavole_mortalita,osservato,Tavole di mortalita' ISTAT per l'Italia; anno piu' vicino alla decorrenza disponibile nel payload.
2025,Femmine,68,92730.0,7.2389,20.194,istat_tavole_mortalita,osservato,Tavole di mortalita' ISTAT per l'Italia; anno piu' vicino alla decorrenza disponibile nel payload.
2025,Femmine,69,92059.0,7.87465,19.338,istat_tavole_mortalita,osservato,Tavole di mortalita' ISTAT per l'Italia; anno piu' vicino alla decorrenza disponibile nel payload.
2025,Femmine,70,91334.0,8.65166,18.487,istat_tavole_mortalita,osservato,Tavole di mortalita' ISTAT per l'Italia; anno piu' vicino alla decorrenza disponibile nel payload.
2025,Femmine,71,90544.0,9.53362,17.644,istat_tavole_mortalita,osservato,Tavole di mortalita' ISTAT per l'Italia; anno piu' vicino alla decorrenza disponibile nel payload.
2025,Femmine,72,89681.0,10.7328,16.809,istat_tavole_mortalita,osservato,Tavole di mortalita' ISTAT per l'Italia; anno piu' vicino alla decorrenza disponibile nel payload.
2025,Femmine,73,88718.0,12.02882,15.986,istat_tavole_mortalita,osservato,Tavole di mortalita' ISTAT per l'Italia; anno piu' vicino alla decorrenza disponibile nel payload.
2025,Femmine,74,87651.0,13.74903,15.175,istat_tavole_mortalita,osservato,Tavole di mortalita' ISTAT per l'Italia; anno piu' vicino alla decorrenza disponibile nel payload.
2025,Femmine,75,86446.0,15.48675,14.379,istat_tavole_mortalita,osservato,Tavole di mortalita' ISTAT per l'Italia; anno piu' vicino alla decorrenza disponibile nel payload.
2025,Femmine,76,85107.0,17.6084,13.598,istat_tavole_mortalita,osservato,Tavole di mortalita' ISTAT per l'Italia; anno piu' vicino alla decorrenza disponibile nel payload.
2025,Femmine,77,83609.0,19.72263,12.832,istat_tavole_mortalita,osservato,Tavole di mortalita' ISTAT per l'Italia; anno piu' vicino alla decorrenza disponibile nel payload.
2025,Femmine,78,81960.0,22.45992,12.08,istat_tavole_mortalita,osservato,Tavole di mortalita' ISTAT per l'Italia; anno piu' vicino alla decorrenza disponibile nel payload.
2025,Femmine,79,80119.0,25.80249,11.347,istat_tavole_mortalita,osservato,Tavole di mortalita' ISTAT per l'Italia; anno piu' vicino alla decorrenza disponibile nel payload.
2025,Femmine,80,78052.0,29.94252,10.634,istat_tavole_mortalita,osservato,Tavole di mortalita' ISTAT per l'Italia; anno piu' vicino alla decorrenza disponibile nel payload.
2025,Femmine,81,75715.0,33.90095,9.947,istat_tavole_mortalita,osservato,Tavole di mortalita' ISTAT per l'Italia; anno piu' vicino alla decorrenza disponibile nel payload.
2025,Femmine,82,73148.0,39.68656,9.278,istat_tavole_mortalita,osservato,Tavole di mortalita' ISTAT per l'Italia; anno piu' vicino alla decorrenza disponibile nel payload.
2025,Femmine,83,70245.0,45.43328,8.641,istat_tavole_mortalita,osservato,Tavole di mortalita' ISTAT per l'Italia; anno piu' vicino alla decorrenza disponibile nel payload.
2025,Femmine,84,67053.0,52.35956,8.028,istat_tavole_mortalita,osservato,Tavole di mortalita' ISTAT per l'Italia; anno piu' vicino alla decorrenza disponibile nel payload.
2025,Femmine,85,63542.0,59.68211,7.444,istat_tavole_mortalita,osservato,Tavole di mortalita' ISTAT per l'Italia; anno piu' vicino alla decorrenza disponibile nel payload.
2025,Femmine,86,59750.0,66.79665,6.885,istat_tavole_mortalita,osservato,Tavole di mortalita' ISTAT per l'Italia; anno piu' vicino alla decorrenza disponibile nel payload.
2025,Femmine,87,55759.0,76.77515,6.342,istat_tavole_mortalita,osservato,Tavole di mortalita' ISTAT per l'Italia; anno piu' vicino alla decorrenza disponibile nel payload.
2025,Femmine,88,51478.0,89.07512,5.828,istat_tavole_mortalita,osservato,Tavole di mortalita' ISTAT per l'Italia; anno piu' vicino alla decorrenza disponibile nel payload.
2025,Femmine,89,46893.0,103.731,5.349,istat_tavole_mortalita,osservato,Tavole di mortalita' ISTAT per l'Italia; anno piu' vicino alla decorrenza disponibile nel payload.
2025,Femmine,90,42028.0,119.92993,4.91,istat_tavole_mortalita,osservato,Tavole di mortalita' ISTAT per l'Italia; anno piu' vicino alla decorrenza disponibile nel payload.
2025,Femmine,91,36988.0,136.83479,4.511,istat_tavole_mortalita,osservato,Tavole di mortalita' ISTAT per l'Italia; anno piu' vicino alla decorrenza disponibile nel payload.
2025,Femmine,92,31927.0,156.39766,4.147,istat_tavole_mortalita,osservato,Tavole di mortalita' ISTAT per l'Italia; anno piu' vicino alla decorrenza disponibile nel payload.
2025,Femmine,93,26933.0,175.69603,3.823,istat_tavole_mortalita,osservato,Tavole di mortalita' ISTAT per l'Italia; anno piu' vicino alla decorrenza disponibile nel payload.
2025,Femmine,94,22201.0,194.26582,3.531,istat_tavole_mortalita,osservato,Tavole di mortalita' ISTAT per l'Italia; anno piu' vicino alla decorrenza disponibile nel payload.
2025,Femmine,95,17888.0,214.07616,3.262,istat_tavole_mortalita,osservato,Tavole di mortalita' ISTAT per l'Italia; anno piu' vicino alla decorrenza disponibile nel payload.
2025,Femmine,96,14059.0,233.7754,3.015,istat_tavole_mortalita,osservato,Tavole di mortalita' ISTAT per l'Italia; anno piu' vicino alla decorrenza disponibile nel payload.
2025,Femmine,97,10772.0,254.175,2.782,istat_tavole_mortalita,osservato,Tavole di mortalita' ISTAT per l'Italia; anno piu' vicino alla decorrenza disponibile nel payload.
2025,Femmine,98,8034.0,276.45499,2.56,istat_tavole_mortalita,osservato,Tavole di mortalita' ISTAT per l'Italia; anno piu' vicino alla decorrenza disponibile nel payload.
2025,Femmine,99,5813.0,302.14961,2.347,istat_tavole_mortalita,osservato,Tavole di mortalita' ISTAT per l'Italia; anno piu' vicino alla decorrenza disponibile nel payload.
2025,Femmine,100,4057.0,331.74464,2.146,istat_tavole_mortalita,osservato,Tavole di mortalita' ISTAT per l'Italia; anno piu' vicino alla decorrenza disponibile nel payload.
2025,Femmine,101,2711.0,365.56943,1.964,istat_tavole_mortalita,osservato,Tavole di mortalita' ISTAT per l'Italia; anno piu' vicino alla decorrenza disponibile nel payload.
2025,Femmine,102,1720.0,396.42681,1.807,istat_tavole_mortalita,osservato,Tavole di mortalita' ISTAT per l'Italia; anno piu' vicino alla decorrenza disponibile nel payload.
2025,Femmine,103,1038.0,428.09552,1.665,istat_tavole_mortalita,osservato,Tavole di mortalita' ISTAT per l'Italia; anno piu' vicino alla decorrenza disponibile nel payload.
2025,Femmine,104,594.0,460.33208,1.538,istat_tavole_mortalita,osservato,Tavole di mortalita' ISTAT per l'Italia; anno piu' vicino alla decorrenza disponibile nel payload.
2025,Femmine,105,320.0,492.87696,1.423,istat_tavole_mortalita,osservato,Tavole di mortalita' ISTAT per l'Italia; anno piu' vicino alla decorrenza disponibile nel payload.
2025,Femmine,106,162.0,525.46488,1.32,istat_tavole_mortalita,osservato,Tavole di mortalita' ISTAT per l'Italia; anno piu' vicino alla decorrenza disponibile nel payload.
2025,Femmine,107,77.0,557.82859,1.227,istat_tavole_mortalita,osservato,Tavole di mortalita' ISTAT per l'Italia; anno piu' vicino alla decorrenza disponibile nel payload.
2025,Femmine,108,34.0,589.71429,1.144,istat_tavole_mortalita,osservato,Tavole di mortalita' ISTAT per l'Italia; anno piu' vicino alla decorrenza disponibile nel payload.
2025,Femmine,109,14.0,620.88758,1.07,istat_tavole_mortalita,osservato,Tavole di mortalita' ISTAT per l'Italia; anno piu' vicino alla decorrenza disponibile nel payload.
2025,Femmine,110,5.0,651.13574,1.004,istat_tavole_mortalita,osservato,Tavole di mortalita' ISTAT per l'Italia; anno piu' vicino alla decorrenza disponibile nel payload.
2025,Femmine,111,2.0,680.27865,0.945,istat_tavole_mortalita,osservato,Tavole di mortalita' ISTAT per l'Italia; anno piu' vicino alla decorrenza disponibile nel payload.
2025,Femmine,112,1.0,708.17129,0.893,istat_tavole_mortalita,osservato,Tavole di mortalita' ISTAT per l'Italia; anno piu' vicino alla decorrenza disponibile nel payload.
2025,Femmine,113,0.0,734.70121,0.846,istat_tavole_mortalita,osservato,Tavole di mortalita' ISTAT per l'Italia; anno piu' vicino alla decorrenza disponibile nel payload.
2025,Femmine,114,0.0,759.79102,0.804,istat_tavole_mortalita,osservato,Tavole di mortalita' ISTAT per l'Italia; anno piu' vicino alla decorrenza disponibile nel payload.
2025,Femmine,115,0.0,783.39687,0.767,istat_tavole_mortalita,osservato,Tavole di mortalita' ISTAT per l'Italia; anno piu' vicino alla decorrenza disponibile nel payload.
2025,Femmine,116,0.0,805.50503,0.734,istat_tavole_mortalita,osservato,Tavole di mortalita' ISTAT per l'Italia; anno piu' vicino alla decorrenza disponibile nel payload.
2025,Femmine,117,0.0,826.12433,0.705,istat_tavole_mortalita,osservato,Tavole di mortalita' ISTAT per l'Italia; anno piu' vicino alla decorrenza disponibile nel payload.
2025,Femmine,118,0.0,845.29052,0.679,istat_tavole_mortalita,osservato,Tavole di mortalita' ISTAT per l'Italia; anno piu' vicino alla decorrenza disponibile nel payload.
2025,Femmine,119,0.0,863.05171,0.655,istat_tavole_mortalita,osservato,Tavole di mortalita' ISTAT per l'Italia; anno piu' vicino alla decorrenza disponibile nel payload.
